Label,Tweet
0,Debat terakhir Pilkada DKI Jakarta digelar Jumat malam. https:\/\/t.co\/e9ixz6Jllr
0,"Artikel saya untuk Mas @pandji. Dari reklamasi, penggusuran, DP 0 Rupiah, OKE OCE, hingga ""figur pemersatu""."
0,"Ibu2 aja, kalo beli telor pake milih2 sblm ditimbang. Pdh telor kan mirip2. Ibu2 itu tahu, telor ada yg busuk"
0,@agusriyadi12345 Apakah perlu semua berita ahok harus menggunakan penista agama. Misalnya Penista agama sedang kampanye di Jakarta pusat.
1,"Sapa Yg bilang Ahok anti korupsi!?, klo grombolannyA NGOMONG gtu wajar, AHOK ITU MAFIA KORUPTOR SANG PENISTA AGAMA YG DILINDUNGI ISTANA PKI"
1,"paling mau muntah liat lagak nya @AHMADDHANIPRAST, jadi orang sok iye banget hoek"
1,RT @wongawas: Overdosis @Metro_TV membela penista agama. https:\/\/t.co\/i84RARpy5w
0,Paslon 3 Anies Sandiaga Uno 15 Feb 2017 Utk Jakarta Indonesia Raya OK OCE
0,"Saya pribadi bakal prefer kok muslim dengan kapabilitas, tetapi lihat kondisinya Ahok menjadi pilihan plg realistis buat kemajuan DKI"
1,AGAMA DI NISTAKAN! ULAMA DI LECEHKAN!! Ini Alasannya #HaramPemimpinKafir
1,Norak banget iklan mantan mendikbud @aniesbaswedan ini. Tambah gak respech.. inilah tenun kebangsaan yg dia maksud.\u2026 https:\/\/t.co\/Ux7HEYkBLG
0,Gontor Izinkan Santrinya Pulang Kampung Nyoblos Pilkada DKI | Republika Online https:\/\/t.co\/JhNOT8ecNz
0,RT @lisdaulay28: Waspada KTP palsu.....kawal PILKADA https:\/\/t.co\/OOoERQV4SM
0,Itu yang ngomong jangan pilih Ahok Djarot pernah ngerasain banjir ga sih? :(
0,Pertanyaan Ibu Silvy rada maksa.. #DebatFinalPilkadaJKT
1,"Payah banget @ridwankamil maju Jabar1 pakai partai Nasdem pendukung penista agama, ente lagi butuh uang ya kang? Payah loe!!"
0,RT @gabriellaanDini: Dulu di awal kampanye bukannya uda deklarasi anti SARA??? Tadinya gw pikir no.3 lebih mending dari no.1
0,#MataNajwaDebatJakarta kok gaya pak @aniesbaswedan kayak SBY ya?
1,#JakartaBanjir Pemimpinnya gak punya akhlak yg baik... PENISTA AGAMA. https:\/\/t.co\/PNEGDJMPCH
0,19 April adalah saat yang penting bagi warga Jakarta untuk menentukan masa depan Ibukota
0,"Semangat pak ahok , bapak sudah berjuang sekuat tenaga dan sudah berusaha melakukan yang terbaik, terima kasih pak"
1,@TPK_RI ITULAH si ahok kutil babi
0,"@HaqueMarissa ,, ahok di jakarta , daging babi di bali apa hubungan nya ya??"
0,Julia Perez Kecewa Gagal Nyoblos Pilkada DKI 2017 di TPS 15 RSCM https:\/\/t.co\/vajPLioiek
0,"Yang mendukung Mas Anies bukan berarti anti Pak Ahok, begitu Pula sebaliknya"
1,YG JELAS OTAK AHOK-DJAROT SUDAH SANGAT TUMPUL SANGAT LOYO DAN STRESS..... SUDAH JEBOL HARUS DICOPOT DAN DIGANTI.....
0,"Meski dijatuhkan berkali2, Tuhan akan selalu mengangkat yg benar"
0,Semangat pak ahok walaupun saya warga bandung tapi saya yakin pak ahok yg jadi juara...
1,"BUAT AHOKER YANG TAKUT MATINYA GG DISHOLATIN , TENANG ADA ABU JANDA UST GADUNGAN YG SIAP SHOLATIN AHOKER & JOKOWER"
0,"Gubernur non-aktif DKI Jakarta, Basuki Tjahaja Purnama atau Ahok, berencana merombak struktur jabatan pegawai... https:\/\/t.co\/cdKEZxF9xO"
1,Mukanya mpo Silvy Asem bangett ngakak kena deh abis jahat sih #DebatFinalPilkadaJKT
0,"Pemimpin yg baik pemimpin yg mengerti akan jiwa pemuda, lanjutkan pak @aniesbaswedan"
0,RT @kompascom: Bagaimana metode penarikan sampel hitung cepat yg dilakukan Litbang Kompas dlm Pilkada DKI Jakarta 2017? Simak disini
0,Jadilah orang yang bertanggung jawab atas segala tindakan anda. dengan demikian anda akan menuai hal yang positif. #SidangAhok
1,uma surveynya si Botak yg menangkan Ahok. Karena apa? Karena dia Cina Kristen. Bukti kalo si Botak dukung sesama Cina Kristen
1,Gubraaaaak!!!! Malu liatnya... Untung semalem debat ga kaya MATA NAJWA.. Coba kalo formatnya sama pasti Ringsek dah pasangan ASU...
1,"Yg Ahokers, Klo gak seneng ama cuitan gw silahkan unfollow krn gw Anti AHOK (Si Penista Agama Islam)"
0,Bersyukur menutup kampanye hari ini dengan berdoa agar PILKADA DKI Jakarta pada 15 Februari 2017 berjalan dengan lancar
0,#DebatFinalPilkadaJKT Pertanyaan paslon 1 dpt dikategorikan sbg kekerasan dalam debat.
0,Semua kejujuran akan mendapatkan pahala dr surga #FreeAhok
0,Ini Pelajaran yang Dipetik Ahok dari Pilkada DKI
1,@DivHumasHansip: ahoker siap bela penista agama https:\/\/t.co\/HxuU4rUDFX\
1,Kalo ahok menang pilkada bikin video sex bareng anaknya dong tan.? https:\/\/t.co\/7msmThwwLK
1,"yg maling itu kan china2 babi BLBI , korupsi nya triliunan , termasuk si AHok korupsi 2 triliun.."
0,RT @JTmor: Ahok pilihan terbaik untuk Jakarta
0,"jangan padam untuk kemanusiaan ya pak, saya mengenang semua hal manis yg telah bapak perjuangkan"
1,"@Lupuz0503: Terlihat salah satu pendukung mafia koruptor dan penista agama, para gerombolan BANCI TITOT lakukan bidikan ke arah"
1,"perempuan kaya lo mending mati aja deh, jelek aja, gausa sok jadi make up artist!"
1,RT @sarwandi_sr: #IklanAhokJahat bikin darah mendidih. bangsat penuh dengan propaganda. emang lo kira islam radikal ?Kalau kami mau
0,"@agusriyadi12345 Apakah tidak sadis, jika semua berita tentang ahok, judulnya diawali degan Terdakwa penista agama bukan menggunakan nama?"
0,"RT @BelaQuran: Sungguh sgt mengherankan, mengkampanyekan kebhinekaan tp dengan menyebarkan Islamophobia, kebhinekaan yg mana yg dimaksud?"
0,RT @baguscondromowo: Mereka terus melukai aksi dalam rangka memenjarakan Ahok atau Ahok gagal dalam Pilkada.
0,Presiden Percaya Pilkada DKI Hasilkan Pemimpin Terbaik
0,Terima kasih banyak buat kinerja keras dari Pak Ahok dan team selama memimpin DKI Jakarta. Tetap semangat selalu Pak. God Bless Bapak & Family.
0,Siap-siap meme CCTV. #DebatFinalPilkadaJKT #Debat3PilkadaDKI #DebatFinalDKI
1,Keluarga kita gak ada yg maling coyy gak perlu trauma kaleeeee emang kluarga ente?
0,"RT @ainouun: Pak Ahok : penyandang disabilitas bukan hanya mereka, suatu saat kita juga bisa jadi. #DebatFinalPilkadaJKT"
1,Gusur Ahok demi Indonesia. Teladan buruk pembangkangan hukum dan anti kemanusiaan di Jakarta jgn tertular ke daerah. #CoblosPecinya
1,cina mah duitnya dari hasil maling di Indonesia di balikin lgi berkedok invest plus bawa gembel2 & napi dari Cina negeri nenek moyang ahok
1,jokowi ratu adil apaan..??? dia ga ada keturunan darah biruadanya DARAH KOTOR cina babi..!!! https://t.co/JtwFRRdLF4
1,"@adichandramang2 @CummaRachel @korban_gusur iya , trump memang penista agama atau anti islam emang hubungannya dgn anis apa?"
1,ADA PEMIMPIM PRIBUMI knp pilih PEMIMPIN IMPOR yg g BERADAB tukang BERBOHONG yuk PRIBUMIKAN DKI milik BANGSA IND @Gemacan70 @TerorisSocmed
0,"Ahok mampu melawan korupsi di ibukota, bangun infrastruktur, mencoba memperbaiki dengan berbagai trobosan dan works well."
1,"RT @felixsiauw: tapi twit begini asik lo, kita jadi tau yang mana akun-akun pro-penista agama, akun-akun buzzer yang kerjanya menghujat :)"
1,"@bayprio Itulah kebodohan para penista agama, sudah saatnya pilih pemimpin yg mengerjakan shalat 5 waktu"
0,RT @netmediatama: Perbincangan menarik di Quick Count Pilkada 2017 bersama @irakoesno. #NETPilkada https:\/\/t.co\/odbVw4uWMr
1,Bajingan lu silvy #DebatFinalPilkadaJKT
1,"Hasil Akhir, Menyatakan @jokowi Melindungi Ahok TERDAKWA PENISTA AGAMA !!!"
1,"@Ananda_harahaP udah lu jgn panik gitu. ahok si kutil babi bakal tumbang kok di putaran kedua. teruskan cuapcuap mu di sosmed, gak ngaruh."
0,"Umat Islam yg peduli agama mrk, tentu tdk akan tergoda dg trik2 konyol seperti ini, InshaAllah umat Islam sdh sadar https://t.co/PFH1MPsKFO"
0,"Oke Oce akan menjadi brand dimana, semuanya menjadi OKe Oce, bahkan nanti ada kampung Oke Oce #debatfinalpilkadadki"
1,RT @andreobz: Pantasan di pecat dr menteri...data2 aj ngawur dan memkasakan betul..hahaha #AhokPastiTumbang #paslon3 #pilgubdki
1,Karna dia ga punya program hanya modal bacot doang
0,Cerita Djarot ini diharapkan membuat para pendukung tetap berdamai. #debatfinalpilkadadki #temanahok #AniesSandi
0,@jokowi pak maafkan saya. Biarkan malam ini saja saya memposting ujaran kebencian. Hanya malam ini saja pak xoxo #DebatFinalPilkadaJKT
0,Hah uda closing statement?? Cepet bener?? #DebatFinalPilkadaJKT
1,JG KAITKAN JOKOWI DENGAN AHOK KATA JOHAN BUDI. KATA KAMI. SEBAB JOKOWI ANJING. SEDANGKAN AHOK BABI. YA JELAS BERBEDA. WALAUPUN OTAKNYA SAMA
0,RT @99Ohhani: Woww dukungan Rakyat Palestina ke Ahok yg dituduhSbg penista Agama ?? mrk Mengelu2kan Ahok !!!Ahok is The Best https://t.co/
0,Kekalahan Ahok adalah kemunduran peradaban di Indonesia. Selamat datang radikalisme. Akal sehat sudah tidak ada dinegara ini.
0,Hehhee.. Makanya jangan mengagumi sesorng berlebihan.. Kecuali kepada Rasulullah.. https://t.co/ZXVB2DiRMg
1,Ahok and Bani serbet and wereng Coklat MEMANCING UMAT MUSLIM supaya marah? dengan #IklanAhokJahat. KALIAN ITU KUMPULAN ORANG SINTING
0,#DebatFinalPilkadaJKT non muslim coblos Ahok muslim coblos Djarot. Bagaimana?
0,#MataNajwaDebatJakarta acara uda abis menurut kalian debat sapa yang betul-betul memaparkan prog dan solusi?
0,Kami sebagai rakyat indonesia yang bukan berasal dari DKI turut mendoakan semoga pak Basuki dan pak Djarot tidak pernah lelah melayani kami dan tetap terus semangat
1,Hidup china komunis ! https:\/\/t.co\/b1RheVKrXl
0,"Gila gara2 pilkada, beberapa tokoh menampakkan watak aslinya."
1,"Sepertinya gerombolan @basuki_btp rindu kerusuhan, hati2 dikabul Tuhan #IklanAhokJahat"
0,Domisili gue di Jakpus bela-belain ke TPS yg berlokasi di Jakbar dgn bermodal e-KTP buat ikutan Pilkada 2017.
1,#JakartaBanjir Pemimpinnya gak punya akhlak yg baik... PENISTA AGAMA.
0,Masyarakat Indonesia khusus DKI melihat pemimpin itu bukan dilihat hasil kerjanya
1,@PonkEcha @Fahrihamzah Si Terdakwa Penista Agama Alias Si Ahok Babi Jamban tuh yang Morfotin Uang Rakyat Jakarta
1,"@AHMADDHANIPRAST aku katakan anjing kpd ahmad dani, boleh....aku katakan babi kpd ahmad dhani, boleh..."
1,"RT @Lupuz0503: Prestasi Ahok, \nSelain mjadi mafia koruptor n penista agama, dirinya bhasil tenggelamkan JKT MELALUI congoran CEBON"
0,Ahok keren!!! #DebatFinalPilkadaJKT
0,#MataNajwaDebatJakarta nyesel liat debat tidak bermutu cuma bisa mencela..
0,semoga Tuhan memberikan seluruh masyarakat DKI jakarta keadilan sesuai pemimpin yg benar2 demi rakyat Amin.
1,@Zufrianto3 lebih baik pilih ahok drpd pilih yg se iman tp koruptor dn munafik !! Bodoh kau
0,"Ahmad Dhani Sentil AHOK, eh Sandiaga Uno cengar cengir.!: https://t.co/vhDAAa3ShI melalui @YouTube"
1,"RT @DivHumasHansip: yg nebar kebencian itu ahok mbak,masa mbak gak tau sih sampai dia jadi terdakwa loh @AnizzahGedrun"
1,#DebatFinalPilkadaJKT yaudah gus sini kalo ga sakit secara fisik daripada verbal gw gebukin lo rame2
0,kalau kamu diputuskan pacar tanpa sebab mungkin program OKE OCE bisa jadi solusi nya #DebatFinalPilkadaJKT
0,Seharusnya mah basuki sudah bebas ya kan? #FreeAhok https://t.co/Mw3k0vYweF
1,19 april CNN kibarkan bendera kuning atas kematian ahok-djarot....
0,Ini judulnya Debat atau nyerang paslon 2 ?????? #DebatFinalPilkadaJKT
1,Yg ga punya program bisanya cuma fitnah. Ciri Orang yg demen ngambil kjp kontan #DebatFinalPilkadaJKT
0,RT @m0th3rb04rd__: bagaimana keadilan bisa tercipta jika si penista agama belum di vonis penjara\n #BerjamaahTolakReklamasi
0,Ahok: Lupakan Semua Masalah Kampanye dan Pilkada
0,#MataNajwaDebatJakarta Bravo closing statement Anies malam ini.kalau nggak ada debat saya nggak mungkin nonton mata najwa sdh lama tdk suka.
0,Pencitraan di socmed itu boleh-boleh aja. Tapi harus bisa tanggung jawab sama citra yang udh dibikin. Jangan sampe jadi malu-maluin. Kasian.
0,Mas Agus saya akui malam ini....rambut kamu bagus! #DebatFinalPilkadaJKT
1,"SETUJU SAYA,KLAU AHOK DAPAT GELAR SANTRI KEHORMATAN.... TAPI SANTRI KEHORMATAN BABI.... https://t.co/uD16d7Gwhd"
0,"Yang aku perhatikan, Tim Mas @aniesbaswedan sibuk ngoceh tentang @basuki_btp dan programnya. Kenapa gak ngurus diri sendiri?"
0,"Ahok & Anies sama baiknya kok, sama bagusnya, sama okenya. Siapa yg kepilih yg menang tetap rakyat jakarta"
0,Ahok Banyak Belajar di Pilkada DKI
0,"Doa itu sebaiknya yg baik2. Karena Tuhan juga baik. Klo doa jelek jahat, akan berbalik ke diri yg mendoakan loh"
0,Biar jajan naik sejuta https://t.co/veZ5PXxDfr
0,Ada yg tahu ga backsound penutup mata najwa ini siapa musisinya dan apa judulnya? #MataNajwaDebatJakarta
0,muslim sedang diuji di negara yg mayoritas Islam..semoga kita smua bisa bersabar dan menahan utk tidak berbicara kasar sbg balasan
0,Gpp kalah. mungkin belom rejekinya ya pak. Bagi kami bapak tetap pemimpin yang jujur. Tetap berkarya nyata
0,ah diulang. Jawabannya bisa beda kan? #DebatFinalPilkadaJKT
1,Ulama Kompak Nyatakan #HaramPemimpinKafir Pilih Ahok = Murtad!
0,Semakin umat di suguhkan #IklanAhokJahat maka akan semakin terlihat siapa yang menebar kebencian terhadap kerukunan antar umat beragama
0,RT @qronoz: Pokoknya kalo Ahok udah ngomong: Aduuuuuuh KELAR. #DebatFinalPilkadaJKT
1,RT @TerorisSocmed: PENJARAKAN PENISTA AGAMA !!! ATAU @jokowi TURUN !!! https:\/\/t.co\/vqH0TNXaRz
1,Woy @aagym lu udah nonton yang ini? Fitnah? Pale lu peyang gym. https://t.co/U3QhuJpwg
0,Lha kok menyerang gitu ya #DebatFinalPilkadaJKT
0,Tetap semangat pak. Ahok.. Aku selalu dukung pak ahok djarot.
1,Kampungan ya pendukung AHY https:\/\/t.co\/GmezpOYLsY
0,Pak Basuki dan Pak Djarot tetap kuat didalam iman dan pengharapan...
0,#DebatFinalPilkadaJKT *pemimpin harus dapat ciptakan suasana damai tentram dan bukan adu domba atau hasutan
0,"Amankan Pilkada DKI, Polisi Terapkan Dua Sistem Pengamanan"
0,"Lanjutkan perjuangan Pak, Bapak orang baik pasti ditempatkan di tempat yg lebih baik juga."
0,Yakin bahwa ini bukan jalan yang terbaik untuk anda dari hanya sekedar Gubernur dan Wakil gubernur DKI..
0,#MataNajwaDebatJakarta pak uno habis 62M istrinya ga marah ya pak? Saya mo beli sepatu 300rb aja istri saya marah2 pak
0,"RT @tribunjateng: Saat Jeda, Ahok dan Djarot Sapa Ganjar Pranowo dari Atas Panggung"
0,RT @di_HatiKecil: Bagus nih ilustrasinya #DebatFinalPilkadaJKT https:\/\/t.co\/zAQLqrBiUF
1,BODOH jika para pendukung ahok yg Muslim tidak tersinggung sama sekali ! Tapi bisa aja sih Qur'an d hina saja mrka diam #IklanAhokJahat
0,Agus-Sylvi sisipkan bahasa jawa saat debat https:\/\/t.co\/fGTfXgaINx
0,RT @augustfrankto: #DebatFinalPilkadaJKT Bu Silvy curhat karena pernah dimarahi sama Pak Ahok...hehe..
0,aya bukan warga jakarta tp saya sering ke jakarta.....saya bangga jakarta pernah di pegang bapak. Jadi rapih pak sekarang.....
0,Ahok kekerasan verbal? Masa koruptor dielus2 #DebatFinalPilkadaJKT
0,RT @kompascom: Kasus Kicauan Ahmad Dhani Dilimpahkan ke Polres Metro Jakarta Selatan. https://t.co/uJ0m7JernN
1,RT @bajigurceleng: @jpnncom hahaha jelas2 buat pilkada dasar polisi made in cina pelindung penista agama
1,"Kaga masuk diakal kite kalo suara seorang penista agama yg dah dikutuk ame umat islam suara nye bisa tinggi, emang sengaja ditinggiin tuh"
0,"Pak kok saya pngn peluk bapak sambil bilang "" pak tetap semangat ya, saya selalu mendoakan yg terbaik untuk bapak"""
0,Paslon 1 selalu nyerang paslon 2 ni #DebatFinalPilkadaJKT
1,@iwanfals pilih Anis sandi doong..jgn pilih si penista agama pemecah NKRI
0,"@MataNajwa mbak najwa..ayo ""ketengah"" lagi sedikit..jgn terlihat ke kiri, dgn meminta terus pak anies cpt2 menyelesaikan kalimat2nya.."
1,Yang anti cina & mau ganyang cina tuh siapaaaa..??? kami cuma anti AHOK sang Penista Agama! #kampanyeAhokJahat #IklanAhokJahat #kampanyeSARA
0,Mulai seru ni #DebatFinalPilkadaJKT
0,Terima Kasih pak sudah mengabdi dijakarta dengan segudang permintaan warga.
0,"#MataNajwaDebatJakarta saludd utk mata najwa, berbobot sekali perdebatan malam ini.."
0,Kapolri Pastikan Pilkada DKI Berjalan Lancar dan Sejuk
0,"Mendagri Tambah Pusing, Ketika MA Emoh Keluarkan Fatwa Status Gubernur Penista Agama https:\/\/t.co\/J34aMQiMNi"
0,@ibnusungeb ahoker panas dingin ahok kalah debat Sama Anis. #MataNajwaDebatJakarta
0,Terkait Jakarta tak Ramah anak apa tanggapan Pak @aniesbaswedan https:\/\/t.co\/ufA55UWBcI
1,RT @indopoints: china babi... china maling...\n#UsirChina https:\/\/t.co\/9y4HIWHJp2
0,Pak @aniesbaswedan knpa ngga mampir dulu ke tempat saya. Orangtua saya ngefans bgt
0,RT @deelestari: Akhirnya nggak ngantuk lagi! Yeay! #DebatFinalPilkadaJKT
0,Tolong adu program
0,Ya Allah! Anis dan Sandi bakal jadi Gubernur DKI Jakarta terpilih di tahun ini
1,"Ini pasti salah Jokowi, Ahok dan kafir-kafir ateis. https:\/\/t.co\/v2GRcUeStI"
1,"Jangankan Banjir, Tuhan aja Dilawan Sama Ahok #JakartaBanjir Tapi Jakarta hari Ini Bukan Banjir, Hanya GENANGAN."
0,Gimana nih om @pandji pasti ikut gedeg juga kan dengerin retorika ga ada wawasan. Tapi gimana udah terlanjur ya. #matanajwadebatjakarta
0,"RT @maharanisinta70: terimakasih Pak Anies pemaparantentang DP 0 ,memberi solusi bagi warga jakarta yang ingin punya rumah dan tidak nyewa terus."
0,"RT @findririn: Walaupun artinya teman setia, seharusnya lebih dihindari kalau jd pemimpin"
0,"Sedih liat pak anies saat ini, tokoh yang dulu saya kagumi kenapa jadi seperti ini ;') #MataNajwaDebatJakarta"
1,pertanyaan dari Bu Sylvi gak mutu amat. #DebatFinalPilkadaJKT
1,"RT @ferdyfrodoo: @bayprio Itulah kebodohan para penista agama, sudah saatnya pilih pemimpin yg mengerjakan shalat 5 waktu"
0,"Mudah-mudahan Novel baswedan tidak alami kebutaan pada matanya. Kalau sampai buta, saya siap mendonorkan mata saya untuk dia."
1,RT @Jhonkosmik: Ada apa dengan mayoritas etnis China di DKI?\nMengapa begitu solid mendukung penista agama Islam?\n\nDendam?\nTidak nasionalis?
0,"mnding diem aja pak @basuki_btp semua pergerakanmu pasti disalahkan, klo wktunya menang ntar jga menang.... #IklanAhokJahat"
1,@AHMADDHANIPRAST ahmad dhani yang terhormat paling babi paling anjing aing kontol paling lonte tungu saat nya karier mu akan habis!!!!
0,"kalo pilih gubernur yg jujur, kerja nyata,anti korupsi,tegas,pinter,mlyani rakyat iklas & peduli pilih ahok djarot,.."
0,RT @JktMajuBersama: Upaya Anies-Sandi untuk mendukung perempuan menjadi pelaku UKM :) #DebatFinalPilkadaJKT
0,Kalau lihat Ahok itu kayak lihat power rangers merah
0,Hampir semua polling Anies - Sandi yang menang. Semoga hari H nya juga demikian. #AniesSandi
0,"Pak Ahok, jadi cagub di Bekasi aja ya pak... Bekasi mau dipimpin orang seperti bapak, biar ada perubahan lebih baik @basukibtp"
0,Tontonan yg wajib ditunggu sehabis #DebatFinalPilkadaJKT
0,Gw yakin suatu saat pasti Pak @basuki_btp akan ada patungnya sebagai tanda jasa entah itu di indo atau di madame tussaud.
0,Ira Koesno Didekati Anies-Sandi Lalu Marahi Pendukung Paslon Saat Debat Pilkada DKI
1,itulah akibat ulah orang2 kafir nasrani persis seperti ahok kafir yg melarang jilbab kepada anak2 sekokah di jakarta....
1,Keluarga Besar Kami Yang Berdomisili di Jakarta TIDAK PILIH AHOK!! https:\/\/t.co\/GZKZFTpvCw Suara Ulama Bulat! #HaramPilihAhok #JanganGolput
0,"Dan soal soal ribut-ribut pribumi vs non pribumi yang ramai di beranda saya itu, sebenarnya maksudnya apa? ikut..."
0,Mayoritas warga Jakarta ingin dipimpin Gubernur baru. Emang iya? #DebatFinalPilkadaJKT
0,#DebatFinalPilkadaJKT mohon tenang
0,"#MataNajwaDebatJakarta jangan suka menyerang, ini bukan perang,. mengapa ingin ibadah harus menyerang orang.."
1,"Dan ajeng pasti paham si Babi Ahok klo bicara santun, BANGSAT, TAIK, ANJING, SETAN LO, dngn intonasi yg familiar tuntuna"
0,#DebatFinalPilkadaJKT mateng mpok Silvy di bombardir Pak Ahok... jawaban cerdas Pak Ahok..
1,RT @BungWinar: Angin memporakporandakan basis pemenangan Si Penista Agama...Cililitan.\nYa Alloh Ampuni Kami\n#JakartaBanjir
0,Semoga bapak bisa meneladani sosok bang yos gubernur jakarta yang sangat cinta @persijajkt
0,Semoga @persijajkt lebih maju dengan adanya gubernur era baru.
1,Kapolda Babi! Biadap dan Bodoh! Gak punya otak kali.
1,@KompasTV @ridwankamil ridwal kamil memang hebat dan top nggak kaya ahok tukang penista agama dan koruptor
1,RT @alwinazar24: sepertinya CUCUnya DAJJAL telah hadir
0,satu perempuan bukan semua perempuan #DebatFinalPilkadaJKT
1,Ini tuh kesalahan Jokowi dan Ahok si babi ateis. https:\/\/t.co\/v2GRcUeStI
0,"@kurawa Msh inget sm ibu penjual kue di balaikota, cm Pak Ahok yg tau klo si ibu sakit, ibu itu langsung diurus ke rs. Ini bukan pencitraan."
1,@YohanesTarigan9 saya ga habis pikir kenapa fanboy ahok bego bego ya pada ga ngerti sejarah. Gampang kejebak iklan. Maaf ya.
0,"RT @findririn: Dan toleransi itu, ketika muslim bisa menjalankan perintah agamanya, dan non muslim juga bisa menjalankan agamanya."
0,RT @TeddyGusnaidi: Sidang hari ini makin menguatkan bahwa Ahok bukan penista agama.. Ada yang bisa bantah?? \nhttps://t.co/2Ksj4snR1t
0,RT @Kafyonaa: JADI DEBAT TERAKHIR NANTI MALAM PILIHANMU JATUH KE PASLON YANG MANA? #DebatFinalPilkadaJKT #Debat3PilkadaDKI
0,Pak dosen makin keliatan aslinya :(
1,Mampuuss ! Di tembak dalem banget silvyy .. lo urusin tuh dapurr ! Gak punya program demennya nyerang terus !!! #gue2 #DebatFinalPilkadaJKT
0,"RT @AzzamBarbarossa: Akibat Nila Setitik Rusak Susu Sebelangga, Akibat Mulut Oknum Tak terdidik Rusak Juga Persatuan Bangsa. #IklanAhokJahat"
0,"pertunjukan yang sangat membuat saya serius dan gak mau diganggu, selamat untuk pak @aniesbaswedan buat gagasan nya #MataNajwaDebatJakarta"
1,"@roninpribumi @dewanpers yg salah itu mereka menulis TERDAKWA PENISTA AGAMA,coba klo ditulis BAGINDA YANG MULIA pasti ga masalah..cuih.."
1,Ya itu namanya cawgub goblok gak ngerti peraturan debat....kelihatan bego dan liciknya itu sandiaga uno.
1,@Gemacan70 itu yg cewe pake kerudung ngapain ya? Setiap kali konfrensi pers ada aja.. Pencitraan Islami kaliiii... Bwahaha..!!
0,"@felixsiauw masih bnyak hal agamis yg bisa dibahas, kenapa ke pilkada terus, apa tingkat keimanan anda cuma sebatas pilkada????"
0,"#debatfinalpilkadadki Bagi Anies gubernur adalah pemimpin, bukan administratur / pelayan masyarkt. Padahal melayani mencerminkan integritas."
0,Sampe sekarang gue blm ngerti dp rumah 0% itu gmn skemanya. Trs emg ada ya perbankan yg mau ngasih kredit rumah gak pakai dp? #debatfinalpilkadadki
0,Debat Terakhir Menentukan Elektabilitas di Pilkada DKI Putaran Kedua
1,"Kang @ridwankamil ,fakta hari ini,partai pendukung si penista agama sangat dibenci rakyat,termasuk rakyat Jabar. https://t.co/b2WetyvrbZ"
1,"Ehh anak anjing Ahok, Kelan itu blon siuman, mending emut2 bool basuki lagi aja sana, kasih tau sama Babi yg lain, bool basuki wangi gitu"
0,#DebatFinalPilkadaJKT Mulai saling serang deh
1,MENGAPA ahoker KRISTEN & MUNAFIK tidak berhenti mengolok2 GEREJA stiap hari? Apakah mereka memang dibriefing ahok untuk menghina si BUMI DATAR?
0,RT @kv_kahfi: Komplit bgt yaaaa..... Heran nya msh aja yg percaya dan idolain dia https://t.co/PNTYRAnaJO
1,"@Anakran63208433 @5ec4a1e80d3c48c @aniesbaswedan pikiran anak bani kampret g beda jauh sma penista agama. Penfitnah, Penipu Dan Garong.."
1,@tribunnews emang ahok siapa?? Orang penting?? Dia hanya penista agama!!
0,Pak ahok kita tetap mendukung apapun yang terjadi
0,"Bos mau makan di istana ga, Di undang noh makan di istana Gebang tapinya https:\/\/t.co\/ns6cUYCpUj"
0,"Bapak ahok sosok yang saya banggakan, terimakasih pak sudah merubah jakarta."
1,@RamadanMalka Pamor RK jadi seakan tak ada artinya jika parpol pengusungnya pendukung penista agama...
0,"#AniesIntoleran \nAnies Baswedan, tak lagi memiliki integritas dan kredibilitas sebagai seorang pemimpin. https://t.co/rv053Gt4j8"
1,#IKLANAHOKJAHAT AHOK MENCIPTAKAN BARA API ANTARA RAKYAT PRIBUMI DENGAN TIONGHOA YG DIBALUT DENGAN PHOBIA.... AHOK KAFIR RASIS...
1,"Itu dia, BUNUH AJA YG DIDEPAN MATA, DIA MAFIA KORUPTOR NYA, PENISTA AGAMA PULA, PANGGILAN POPULAR NYA BABI AHOK"
0,"Selamat buat pasangan no 3, Anies-Sandi pemenang versi Quick Count... Terima kasih buat Ahok-Djarot atas kerja luar biasa untuk Jakarta..."
1,"@posmetroinfo Emang terdakwa penista agama, salahnya dimana coba, kl yg biasa bikin hoax metrotipu aman2 aja tuh dewan peres"
1,"otak wc otak babi yg menerima ahok kafir & kamu, ahok kafir bkn sekedar menghina sdh anggap islam itu sampah"
0,"Aku heran kenapa ilklan kampanye #AhokDjarot yg terbaru itu begitu, ini aku loh yang bingung bkn akuang,asiang, atau aming #IklanAhokJahat"
1,Perilaku Si BABI @jokoanwar ini memang benci dgn hal berbau Islam. Cocok dgn Ahok. @SiBonekaKayu
1,Video Ahok Menghina Agama Kristen Agama Konyol #AhokPecahBelahBangsa
0,Saya bertanya kepada Bapak Presiden dan Kapolri OK OCE tuh apaan? #DebatFinalPilkadaJKT
1,"Keputusan ERKA hari ini harus kita HORMATI, begitupun sebaliknya KAMI tidak akan memilih partai pendukung PENISTA AGAMA."
0,Terimakasih banyak pak ahok dan djarot untuk kerja tulus dan kerasnya untuk Jakarta..
0,"Bisa gak kita seperti Jokowi dan Ahok? Aku kalem, kamu tegas saling melengkapi. :')"
1,Mimpi djan farid jakarta lebih islami dari aceh jika ahok terpilih itu ibarat babi merindukan halal
0,Serius tapi ada selipan hiburannya \ud83d\ude06\ud83d\ude06\ud83d\ude06 #pilkadadki2017 #DebatFinalPilkadaJKT
0,Spanduk Tolak Salatkan Pembela Penista Agama juga Muncul di Kalibata https:\/\/t.co\/Sr1PbYtigN
0,RT @agusdansylvi: #DebatFinalPilkadaJKT Saya pilih nomor 1. Sektor informal akan dimajukan mas Agus dan Mpok Sylvi.
1,Narkoba yg paling berbahaya adalah ILUSI KESUCIAN AHOK SANG PENISTA.
0,Maka seyogyanya pilihanku #TetapAhok karna terlihat pencerahan pd sistem birokrasi.
1,RT @Gemacan70: Ayoo jaga keutuhan NKRI!!! Tangkap Penista Agama!!! #StopKriminalisasiUlama https:\/\/t.co\/dxIDQ4ZQHV
0,Pengamat: Pilkada DKI Panas Karena Parpol Sulit Disiplinkan Massa
0,"RT @FiersaBesari: Saat jujur, ada yg curiga. Saat berbuat baik, ada yg menuduh pencitraan. Saat bahagia, ada yg iri. Abaikan."
1,RT @SiBonekaKayu: Selepas banjir Jakarta 212 Pendukung Ahok mengganti narasi doa. Semua demi keuntungan Sang Penista Agama
0,Saya doakan pak ahok dan tamengnya tidak kejang2
1,RT @AnnisaFYtr: Hanya Orang Islam Yang Bodoh dan Goblok Yang Memilik Ahok! #DebatFinalPilkadaJKT
1,"RT @UstadTengku: Ya Allah Jika Mereka Menempuh Cara2 Curang utk Memenangkan Si Penista Agama, Engkau Kirimkanlah MALAIKAT MAUT Utk menyeles\u2026"
0,"RT @hariadhi: Ahok udah perhatikan penyandang disabilitas, jauuuh sebelum kandidat lain berjanji #NobarAhokDjarot #BadjaPastiJuara"
0,DEBAT CAGUB DKI ke 3 - 10 Februari 2017 - Segmen 3 Mantap Ahok SKAK Sylviana Murni\n\n#DebatFinalPilkadaJKT
1,Dasar si Kutil babi ahok memang Tukang Bohong. selain Bohong ahok jg biasa Menyalahkan yg lain menutupi Kegagalan nya . contoh soal banjir
0,Sylvi: bagaimana gurbernur melakukan kekerasan perempuan? Buktinya banyak ibu2 mau foto bareng #DebatFinalPilkadaJKT
1,keliatan banget bego nya mpok silvy and agus. #DebatFinalPilkadaJKT
0,ayo berlomba program jgn pitnah doank.. #DebatFinalPilkadaJKT #BadjaPastimenang
0,Yang blm pada move on mending bsk piknik aja mumpung long weekend hehehe
0,RT @JanurOmank2626: Ahok harus bebas demi hukum demi keadilan demi kelanjutan perbaikan DKI. Semoga hakim mmpunyai sense of justice
0,"Allah SWT tdk butuh anda. Tapi Anda yang butuh Allah,Rezeki, hidup matimu. Allah yg tentukan. Mau khianati Allah? yakin gak nyesel? #SidangAhok"
1,"Kalau lo gak tau apa-apa ya jangan berkoar sembarangan dong, keliatan banget kalau lo itu beneran bego :)) #FuckYou"
1,Lah emang sdh jelas2 si ahok terdakwa penista agama. Malu woy! https://t.co/2K0HlMpR9t
0,"Jika lo bisa menceritakan kembali kalimat2 yg dilontarkan Anies di @MataNajwa dgn bahasa lo sendiri, lo luar biasa. #MataNajwaDebatJakarta"
0,Cuti Habis Ahok Jadi Gubernur DKI Lagi? Pengamat: Jangan Mengada-ada | Republika Online https:\/\/t.co\/T3kzvq9E4e
0,@saidaqil apa maksud pernyataan. Anda? Apa anda mengaminkan kriminalisasi Ahok?? Hati2 jg dg mulutmu pak! https:\/\/t.co\/H4ODVaY0Md
0,"Tuntut Keadilan Bagi Penista Agama, Puluhan Jawara Betawi Ikuti Aksi 212 Jilid II https:\/\/t.co\/HWVuoZyYov"
0,keluarga sudah ke menggunakan hak pilihnya pagi ini. Jangan lupa bagi warga Jakarta untuk datang ke TPS sebelum jam 1 siang!
1,Udah bingung kalik mau pakai cara apa untuk kampanye. Sampai2 bikin fitnah yang kayak begituan. Depresi ya takut kalah? #IklanAhokJahat
0,Salah satu indikator meningkatnya kualitas hidup warga Jkt adl terus bisa tersenyum seperti Pak Djarot malam ini
0,Dalam nama Tuhan Untuk jakarta yg lebih baik
1,"Maksudnya terbukti KORUPSI dan PENISTAAN agama nya ya om, Bangsat lo, TAIK LO, maaf gw pake Bahasa Babi Ahok."
1,;Kebanyakan fitnah nih mpok silvy #DebatFinalPilkadaJKT #Gue2
1,@Metro_TV kalau boleh saya ngomong ingin saya katakan ahmad dhani monyet babi anjing. tapi itu tidak boleh
0,Keliatan banget keberpihakan media #DebatFinalPilkadaJKT
0,"Kalah di Pilkada Bekasi, Ahmad Dhani Jadi Juru Kampanye Pasangan Anies-Sandi https://t.co/oIZpN8hYnd #NenengYes https://t.co/FGOhKhXWxt"
0,RT @alayyubichoir: Sosok Anies Sandi harus diakui sgt mengayomi. Sangat kompeten utk membangun kerukukan & kebhinekaan di Jakarta
1,RT @HasanArisandi: #AhokPastiTumbang fakta di bilang fitnah\n#DebatFinalPilkadaJKT
0,Ini Jawaban Ahok Saat Ditanya Terkait Persiapan Debat Pilgub Terakhir Besok https:\/\/t.co\/S6rlsAR7Y9
0,"Awasi Kecurangan Pilkada, Agus - Sylvi Pakai Aplikasi Ini https:\/\/t.co\/xWZW4nUFIU"
0,Keras nih ahok #DebatFinalPilkadaJKT
0,Duh dibilang ga punya program paslon 1... kesian kesian kesian ... #debatfinalpilkadajkt
1,"Ayo umat Islam yg pinter, jgn percaya klo aksi 112 tdk ada hubungannya dgn pilkada, pihak AHY yg bayar anies yg untung \ud83d\ude01"
1,"Ehh TAIK, Bangsat lo, Omongan elo kayak IwAn bopeng, yg MO potong leher TNI, Bangsat lo IwAn bopeng, baek2in TNI. TAIK LO,"
0,mantap OK OCE anies sandi dalam mengatasi urbanisasi dan lapangan kerja
1,"FPI: Pendukung Ahok kalah jumlah, dengan izin Allah kita gusur Gubernur koruptor dan penista agama https:\/\/t.co\/Jp7pGLRGiE"
1,NGOMONG AJA ENTE SAMA KACA! MEMECAH BELAH KERUKUNAN LAGI HOK ENTE BISANYA. NGACO! #IklanAhokJahat
0,"tapi kalah menang itu biasa. kekuasaan ada di tangan tuhan, asal bapak ahok tidak menjual iman pak ahok dengan jabatan"
0,"Sabar dulu jgn tergesa2 nagih, beliau belum dilantik baru bulan Oktober nanti."
1,@RestySeterah si ahok pantasnya dinobatkan sbgai Babi ngepret
1,Gimana dgn Sumber waras.. Trans Jakarta ko jokowi diem ajah.... Harusnya si kutil babi ahok di ganyang
0,"#MataNajwaDebatJakarta jawaban terakhir Anis jadi bikin ingat jawaban dia pas debat kemarin, ""jawaban anda menarik tapi tidak nyambung"""
1,"Tangkap Ahok @basuki_btp skrng juga, koruptor reklamasi Jakarta dan penista Agama Islam."
1,tobat yuk sebelum terlambat. biar gerombolan JIL aja yg kita doakan konsisten bela kekafiran hingga akhir hayat https:\/\/t.co\/979uJ6ItrM
0,Pak saya setuju kalo pak jadi gubenur karena kerja pak sangat bagus kerena kerja pak basuki tegas keluarga kami mendukung pak basuki
1,Teman Ahok emank TAI. apalagi pemimpinnya kek BABI! @temanahok
0,Aku cinta Pak Ahok. Terimakasih ya Pak atas jasa-jasa dan kerja nyatanya selama 5 tahun terakhir.
0,Yg no.1 nih ngomongin hal yg di luar program mulu ya. Ngga ada bhan ya bwt serang lawan.. Cape dehh! #DebatFinalDKI #DebatFinalPilkadaJKT
0,pak @aniesbaswedan kami disini mendulungmu untuk jakarta yg maju bukan hanya ekonomi nya tapi juga prestasi sepakbola nya
0,fitnah lebih kejam loh dari pembunuhan #DebatFinalPilkadaJKT
1,"Ketika ngomong, Sylvi keliatan oke. Tapi begitu didebat Ahok, Sylvi langsung kekuatan goblok."
0,Abis nyoblos streaming video perkembangan Pilkada 2017 pake #SisaKuotaGakHangus dari @IM3Ooredoo kuota ga habis deh
0,Walaupun bapak tidak menang. Tapi saya menikmati kerja keras bapak selama menjabat. Terima kasih untuk bapak ahok.
0,Haha anies pendemo2 dr jawa barat kok ga ngomen. Takut kalah ya haha #MataNajwaDebatJakarta
0,"#MataNajwaDebatJakarta buzzer ahok lagi kerja keras nih,.ayo kerja2 tar gajian ga turun"
0,Bapak tetap yg terbaik untuk jakarta..terima kasih pak untuk semua yg bapak kerjakan selama ini semoga Allah selalu meridhoi bapak dalam setiap langkah bapak..
1,#DebatFinalPilkadaJKT mati kau hok
1,"Mereka Siang MALAM Maki2 Ulama Kita, Nongkrongi Medsos Ulama2\nBela PENISTA Agama yg SOMBONGNYA Minta AMPUN."
0,Jadilah orang yang bertanggung jawab atas segala tindakan anda. dengan demikian anda akan menuai hal yang positif. #SidangAhok
0,"Mengapa mereka melakukan ini, apakah bisa merubah keadaan bagi para pemilih nanti ? #IklanAhokJahat"
0,"pertunjukan yang sangat membuat saya serius dan gak mau diganggu, selamat untuk pak @aniesbaswedan buat gagasan nya #MataNajwaDebatJakarta"
0,jabatan bukan hal penting yg terpenting bapak tetap orang terhebat di jakarta tentang kerja keras Pak Ahok..sekali lagi terima kasih Pak Ahok
1,@budimandjatmiko ahok si kutil babi kembali ke rumah lembang kenapa jakarta jadi banjir bud?
0,Orang tegas dibilang maki-maki orang -_- #DebatFinalPilkadaJKT
1,RT @WanitaRevolusi: Ahoax penista agama kembali mengolok olok surat AL-MAIDAH 51. Cc @Dahnilanzar
1,jangan heran pemerintahan jokowi sekarang ini budaknya kulinya cina2 ahok kafir dan 9 naga...
0,jangan ada keberpihakan dalam badan hukum karena itu akan merusak demokrasi #important #MataNajwaDebatJakarta
0,Semua sayang ahok. Saya berharap ahok bisa jadi presiden selanjutnya bersama pak jokowi.
1,"#jujur orang cerdas dan pintar pilih orang imam dan mampu memimpin ..bisa sholat...bisa ngaji..santun, sopan..tidak seperti babi kafir ahok"
0,Nyinyir tingkat nasional #DebatFinalPilkadaJKT
1,"Shame on you silvy !! Ga malu fitnah?? Tuh rasain pak ahok panas, skak mat #DebatFinalPilkadaJKT"
0,"Mungkin ada kata kata yang menyakitkan ya pak, tapi semoga itu menjadi semangat untuk bapak kedepannya."
0,Semangat Pilkada! Untukmu pilihanmu dan untukku pilihanku #tetapahok
0,Cinta pak Ahok pokoknya #DebatFinalPilkadaJKT
1,Faktanya Cina2 parasit tuh ngotot belain si penista Agama @PradanaBhakti @IrianaPasirua @PutraSumedang18 @khoirulilham12 @ronavioleta
1,"RT @yudijannis: #IklanAhokJahat bagaimana klo kita ganyang beneran hok?itu sih maunya elo ya hok,adu domba pribumi dengan tionghoa!!jangan"
0,jadi yg nyebar hoax ketahuan dong ada akun twitter nya lho
0,"Pada akhirnya, orang jahat akan jatuh, dan orang baik, akan dibangkitkan!"
0,RT @anies_sandi: Bisa merangkul dan menegakkan hukum. Kepemimpinan itu hadir dengan memberikan contoh & perbuatan - @aniesbaswedan
0,Ketiga paslon gagal menjawab pertanyaan yang jawabannya harus memuji kebaikan paslon lain
1,@umnia77 @ruhutsitompul @sahal_as anjing2 ahok.kaum babi lo bnyk bacot.mnding duel sma gw.
1,"HADUH KELAKUANMU HOK, SOK-SOKAN MENJAGA KEBERAGAMAN PADAHAL PROVOKATOR & RASIS!! #IklanAhokJahat"
0,Beliau para pemimpin hebat Indonesia! Kita bangga https:\/\/t.co\/NAWbps9Xpt https:\/\/t.co\/5cC2U9AIEv
0,Awal sp akhir @aniesbaswedan bisanya cm serang pribadi @basuki_btp gak ada program yg perlu dibanggakan #MataNajwaDebatJakarta
0,"Jika lo bisa menceritakan kembali kalimat2 yg dilontarkan Anies di @MataNajwa dgn bahasa lo sendiri, lo luar biasa. #MataNajwaDebatJakarta"
0,Sylvie sukses blunder bikin paslon 1 drop elektabilitasnya dengan fitnah dan spin salah pilih kader #DebatFinalPilkadaJKT
1,Huuu sylvi tak tahu apa-apa asal ngoceh #NobarAhokDjarot #DebatFinalPilkadaJKT
1,"RT @Ra_Ria_Rana: GAK HABIS PIKIR???\n\nTINGGAL NUNGGU ADZAB ALLAH NIH NEGERI,,,, PEMIMPINNYA SDH DZALIM https://t.co/UmZK4bTyi4"
1,Sumpah bego bgt sih kesel gue. Kenapa ada org yg vote makhluk kayak Sandiaga Uno coba. Oh agama
1,Ahok si penghina Al - Qur'an dan Ulama ini selalu bersikap menjijikkan yaitu sok suci dan merasa paling benar https:\/\/t.co\/bTkCeTNk0g
0,RT @hariadhi: Siapa yg salah? Ahok? Iklannya? Bukan.. yang perlu diprotes adalah orang yg benar2 pake spanduk itu #IklanAhokJahat https://t
0,Semua kejujuran akan mendapatkan pahala dari surga. Sabar ya Pak Basuki #FreeAhok https://t.co/NlgbEcj4Jc
0,Terima kasih bapak ahok dengan jasa2 bapak selalu membangun jakarta lebih baik lagi
1,@fahmiabuazzam1 biar aja biar tai nya kena bapak lo itu ya. Loh tuh kan gak suka sm ahok jadi biar loh sm bpk loh sm ibu loh kena tai nya.
0,Bukan lagi milik jakarta lagi ahok tapi milik kita untuk membangun jakarta lebih baik
1,Muka Si BABi Ahok Tuh Yg Mirip SERBET Lantai....@basuki_btp...
1,RT @FredyBastian3: Cara serang Ahok : Kafir galak
0,Lomba adu program #DebatFinalPilkadaJKT #SkakSilvi
0,HEBAT .. !!! Imam Besar Masjid Istiqlal : Kalimat Ahok 100% Tidak Ada Penistaan AGAMA .. !! SEBARKAN
0,Hanya bpk lah gubernur satu satunya yg bisa membawa perubahan di Jakarta...semangat pak...
0,Semoga Allah memenangkan pak Anies-sandi https:\/\/t.co\/sns0rXRw3f
1,Tionghoa katanya kaya? Kok pada putus sekolah? Kebanyakan dugem?
0,Rencana Bapak yang di surga itu lebih indah yangg kita inginkan bapak ahok tetap semangat ya pak
1,KAU PENDIKAN TINGGI TAPI BODOH....GK ADA LARANG BAWA AGAMA..BIAR ORANG ISLAM YG DI BAYAR AHOK SADAR GK JADI MILIH AHOK GLA
0,Pak Ahok jangan blunder dong Pak..dari tadi udah bagus. Pertanyaannya komitmen menerima hasil kontestasi. #MataNajwaDebatJakarta
0,Debat sama berantem beda tipis #DebatFinalPilkadaJKT
1,RT @87_julay: Iyaa... Ahog Ngak pantes jadi pemimpin.. Pantesnya penista agama dipenjarakan!!! https:\/\/t.co\/YhhO40QWXS
0,Kiranya Jakarta semakin baik. Selamat berjuang buat Pak Ahok dan Pak Anies ! #MataNajwaDebatJakarta
1,Masalah dunia dan masalah nafsu ya kang @ridwankamil . Kata2 kok bersayap kayak burung hantu. https://t.co/mwClbkU4sT
1,tangkap ahok dan klompok nya yg melakukan pemalsuan e KTP karna merupakan penghiyanat bagi bangsa dan negara
0,"#MataNajwaDebatJakarta p ahok apapun hanya Utk rakyat, p anies tkt dicurangi... Ngerti bedanya.."
0,Gimana ya Tim Ahok kok makin disudutkan(?) Mungkin karena ini final kali y
0,#DebatFinalPilkadaJKT aduh... Kecewa pertanyaan paslon 1....
0,"Semoga pak basuki bisa jadi presiden,agar Indonesia lebih maju."
0,Parpol Pendukung Ahok-Djarot Komitmen Jaga Pilkada Damai
0,Jadi teringat para pelacur.belia yg dijual orang tuanya.sendiri di pantura.demi sesuap nasi https:\/\/t.co\/X5DdR7m693
0,Pemenang Debat Pilkada DKI malam ini adalah...... IRA KOESNO!!!
1,"polisi yg jadi imam sholat ini adalah seorang penista agama, bodoh, BERISLAM cuma ikut2an. COPOT KAPOLRES JAKBAR !! https://t.co/s2h2Ybrthm"
0,"Debat Final Pilkada DKI Jakarta, Siapa yang Gagap, dan Siapa yang Tepat Menjawab - Adjat Sudradjat"
1,Anjir baru kali ini lihat orang bego mau debat pilkada. Kerjanya nyerang karakter. Shame on you mpok silvy and agus. #DebatFinalPilkadaJKT
0,"Tapi perbedaan vital di reklamasi sama perumahan, justru gak bisa berkutik sama sekali."
1,baswedan pantas jadi gubernur jakarta dan komisioner KPK..... ahok kafir pantasnya jadi germo di alexis....
0,Terima kasih pak Basuki. Sampai kapan pun sejarah akan mencatat bapak membawa perubahan bagi kami warga jakarta
0,Kiranya Jakarta semakin baik. Selamat berjuang buat Pak Ahok dan Pak Anies ! #MataNajwaDebatJakarta
0,"semoga ahokdjarot bisa terus melanjutkan visi misi nya untuk membangun kota Jakarta, agar lebih rapih bersih dan nyaman"
0,"Kalimat Penutup Anies Ambisius, Ahok Minta Maaf, Karakter Tidak Bisa Bohong. #DebatPilkadaDKI #DebatFinalPilkadaDKI"
1,RT @GodinJ760478: @tempodotco gara2 belain terdakwa penista agama jadi remek semua. Sukurin
0,emang OK OCE anies dan sandi dalam mengatasi urbanisasi dan lapangan kerja #DebatFinalPilkadaJKT https:\/\/t.co\/BrCeCZSkux
0,"Sebagai warga negara yang baik, lo wajib ikut mensukseskan Pilkada Jakarta 2017. Temukan performa berbeda Debat Pilkada pukul 7"
0,Pak Ahok....walau saya bukan warga DKI....saya sangat sedih bapak tidak terpilih lg jd Gubenur DKI.....
1,Kurangnya pemberdayaan wanita DKI Jakarta bisa dilihat dari telaknya perbedaan warna muka dan warna tangan mpok sylvi #DebatFinalPilkadaJKT
1,"Saya pribumi, Kristen dan mendukung Ahok. Tapi saya paling anti dengan manusia2 bodoh dan goblok seperti Steven Hadisurya Sulistyo."
0,Dari lahir di Jakarta sampe detik ini baru gue liat kali & pintu air Manggarai bersih dari sampah ya pas jaman Jokowi sampe Ahok. #TetapAhok
1,Akui saja Ahok dan Djarot kalian gagal atasi banjir.Orang kena banjir anda sibuk sidang kasus penista agama
0,Pak ahok tetap menjadi gubenur dihatiku ....
0,saya sebagai masyarakat jakarta salut terhadap kepemimpinan pak ahok.
1,"Tangkap Ahok Sekarang Juga, Share Jika Setuju !!!"
0,RT @digembok: #DebatFinalPilkadaJKT kali ini keren.Biasanya ada sesi tanya-jawab Kali ini ada SESI CURHAT
0,RT @InaKinoy: baca ini dulu lah biar mendinginkan suasana #DebatFinalPilkadaJKT https:\/\/t.co\/Em9GCKc4qe
0,Terima kasih telah membuat Jakarta menjadi lebih baik pak... Tetap semangat!
0,Telaaaakkk nomer satuuuu. Nghahahaha #DebatFinalPilkadaJKT
1,Mpok silvi nyinyir melulu pertanyaan nya tapi sayang sesat! Maklum sih dese emakemak! #DebatFinalDKI #DebatFinalPilkadaJKT
0,#DebatFinalPilkadaJKT nggak cuma ibu2 yang pengen foto sama Ahok bapak2 juga lho
0,RT @qronoz: Gak ada program yang mau diserang yang diserang karakternya. AHaY! \ud83d\ude02 #DebatFinalPilkadaJKT
1,"Mana para babi ahok yg ngejek onta, biar di injek2 ama onta"
0,Tiga Instansi Keluarkan Maklumat Larangan Mobilisasi Massa di Pilkada DKI
1,"FPI RENOVASI MASJID ITU SANGAT TEPAT, AHOK KAFIR KRISTEN NGAPAIN NGURUSI MASJID2 APA HUBUNGANNYA....."
0,"ga tinggal di Jakarta sih, tp 1 rumah ngotot banget dukung Pak @basuki_btp!"
1,Hahahahhahaa silvy ohh silvy cacingan amat loe ahhh wkwkwkwkwkk #DebatFinalPilkadaJKT
1,Nomor 1 sok tau lagi lansung di skak wkwkwk #DebatFinalPilkadaJKT
0,"Keberagaman itu datang dr hati terdalam, bukan dr pencitraan #Tetap3 #JKTBeragam"
0,"Jika persoalan pemimpin hanya dikaitkan dengan lisan, maka apa bedanya gubernur dengan anak-anak? #MataNajwaDebatJakarta"
0,RT @rezaoktovian: Ahok terlalu keren :')
0,@InformasiDKI mungkin bu silvy jg pengen foto sama pak ahok hihihi #DebatFinalPilkadaJKT
0,Ahok gagah kaya gatot kaca! #DebatFinalPilkadaJKT
0,jangan ada keberpihakan dalam badan hukum karena itu akan merusak demokrasi #important #MataNajwaDebatJakarta
1,"DALAM PUTARAN DUA NANTI JIKA SAMPAI AHOK KAFIR CURANG UMAT ISLAM SUDAH KOMITMEN JAKARTA AKAN DIJADIKAN LAUTAN API, SUDAH TIDAK MIKIR HUKUM"
0,@ISejunnie @AHMADDHANIPRAST artis korea bisa world tour ahmad dhani bisa ?
1,Pendukung berarti dia bagian dr penista agama tersebut!!! Dukung gerakan ini 100%
0,#DebatFinalPilkadaJKT Denger banyak program dan janji dan sering tau pas jadi ga dijalankan rasanya males aja sih.
1,masalahnya djarot tidak bisa memikirkan rakyat kecil pribumi bisanya hanya membabu kpd cina2 betul2 songong jongkok.
0,"@Altefalken kemarin kan ada berita tentang penyakit mengingitis dari Babi, mksd gw apa nyambungnya sama ahok?"
1,kenapa anak babi jalan nya nunduk???karena malu liat ulah bapak nya yang ngebelain ahok..
0,Ahok Akan Integrasikan Transportasi Publik dengan Sistem Single Ticketing\u2026 https:\/\/t.co\/42PH7pqV0b #infoTribun
0,Iya aja deh dripada hoax...
0,"Ahmad Dhani Tak Puas Debat Pilkada, Masalah Jalan di Bekasi Belum Sempat Terungkap https:\/\/t.co\/m3HopPLUID\u2026"
0,Drama bgt itu :(( #DebatFinalPilkadaJKT
0,isinya timeline twitter cm pilkada.. membosankan sekali..
0,"Aahhh akuh sedih, akuh org depok ternyata ngga boleh ke jakarta pak mANIES jahattttt #MataNajwaDebatJakarta"
0,"#MataNajwaDebatJakarta terima kasih telah memberikan pendidikan demokrasi pada rakyat Indonesia, khususnya Jakarta."
0,RT @netmediatama: Presiden @jokowi menggunakan hak suaranya untuk Pilkada DKI Jakarta 2017 di TPS 4 Gambir Jakarta Pusat. #NETPilkada
1,@gotcancer2 bukannya stigma babi itu milik tuhan elu si ahok kafir
0,RT @WisnuDewobroto: Ga seru nih. selalu mengungkit masa lalu :). kekerasan Verbal semua pernah lakukan manusia biasa. #DebatFinalPilkadaJKT
0,Haduhhhh Pak Anies.. Terus pendukung anda yang didatengin ke Jakarta itu dari mana pak? Dari luar jakarta kan #MataNajwaDebatJakarta
1,"Jangan2 lagi deh @basuki_btp hina islam, anda itu manusia hina dibandingkan agama yang mulia, anda bukan siapa2 & bukan apa2 #IklanAhokJahat"
0,Demonstran FPD Malteng Desak Bawaslu Hentikan Sementara Tahapan Pilkada Maluku Tengah
0,"RT @boelatboelat: agree pak @basuki_btp kekuasaan itu Tuhan yang kasih, walau dijatuhkan, Tuhan akan menaikkan :) #MataNajwaDebatJakarta"
0,Istighotsah Bersama Ahok Catut Logo NU https:\/\/t.co\/U2rPY3C25R
1,RT @RestySeterah: Keren nih apps kawal TPS .. Yuk gabung buat pastikan cagub terdakwa penista Agama lebih cepat diantar kehabitatnya
0,Salut banget sm pak ahok.. benar2 berjiwa kesatria.. langsung mengucapkan selamat ke pasangan anis dan sandi..
1,@adichandramang2\nAda aseng KOPLO pembela si PENISTA AGAMA yg durjana nyuruh org lain ngaji!
1,"ahok tidak layak seperti manusia, dia lebih tepat seperti babi yg tidak punya akal pikiran dan jiwa manusiawi"
1,ketutunan cina dari luar kota dan pulau mulai kejakarta mau coblos ahok dengan KTP aspal dari kamboja
0,semua warga DKI gunakan hak pilihmu....jangan takut kita smua warga yg punya hak dan sehat lahir batin
1,Agus silvy Tukang Fitnah #DebatFinalPilkadaJKT
0,Media Asing Menyorot Hasil Pilkada Jakarta
0,TERNYATA BAJU YANG DIPAKAI AHOK DI DEBAT PILKADA YG SAYA TONTON MELALUI METRO TV SAMA DENGAN YANG DI TV ONE. BARUSAN SAYA CEK
1,#DebatFinalPilkadaJKT mampuuuusssssss mpoK Silvy!!!!
1,Tahukah Anda apa persamaan antara malin kundang dengan Ahok? mereka berdua sama-sam DURHAKA!!!!!!! #ASBAK #iklanahokjahat #kampanyeahokjahat
1,"responden2 yangg goblok2 belum faham & juga wartawan beritasatu juga goblok, nanti klo anies-sandy sudah memimpin sangat mudah"
0,RT @spardaxyz: Fadli Zon Minta Mendagri Segera Menonaktifkan Ahok Jadi Gubernur DKI https:\/\/t.co\/KH5vIRwPdO
1,Senang dong ada yg fans mati sampai lupa kalau dia bego banget https://t.co/ctJFC5a8Zz
0,Suporternya mulai kampungan paslon masih ngomong jg ...... #DebatFinalPilkadaJKT
1,"#iklanahokjahat Terorist nyata di Indonesia... Bukan wahabi, bukan Onta Tapi Babi Babi milik Cina Penebar Teror sesungguhnya...."
0,Ayo berlomba program jangan fitnah2 #DebatFinalPilkadaJKT
1,RT @BangsaPenguasa: Penjarakan ahoax penista agama atau jokowi turun.#KonsolidasiDewanPKB https:\/\/t.co\/XoW5eakIsk
0,RT @miekarinayam: Saya bertanya apakah saya memang tak boleh ikut Pilkada 2017? Apakah saya kehilangan hak saya yg dijamin konstitusi?
0,"Pak ahok, saya mempunyai ibu, ibu saya selalu mendoakan pak ahok setiap waktu dan setiap pagi jam 3 ibu saya sebenarnya kecewa dengan hasil pilkada"
0,Pak anies tolong bongkar lagi masjid yg di bangun pak ahok di daan mogot
0,Perasaan bukan pertanyaan itu deh yg td dijawab om @aniesbaswedan audionya ga keluar atau ia ya? #DebatFinalPilkadaJKT
0,"#BesokGueAhok Karena Terbukti Dan Teruji Dari Segi Kerjanya,Ahok Untuk DKI Jakarta Lebih Baik Kemudian #TetapAhok"
0,"Jikapun aparatur bisa dibeli, kyai dan santri oplosan dibeli. Masih ada yng ASLI, siap MELAWAN KETIDAKADILAN https://t.co/riloAH9gAd"
0,"@MataNajwa mantapppp Mata Najwa diskusi lebih hidup dan mendidik,,, jauh berkualitas di banding debat yg selenggarakan KPU"
0,RT @SydSalesman: inilah wujud nasional-is-me dagangannya @pandji ... hebat! https:\/\/t.co\/0fYIG6c2xl
1,Sylvi keliatan bloonnya #DebatFinalPilkadaJKT
0,"#MataNajwaDebatJakarta kenyataannya si anis nyaman bgt dgn isu sara kok , kan nguntungin anis , pura2 sok bijak pdhl menikmati isu sara ,"
1,"AHOK PEMECAH BELAH UMMAT, AJARAN KRISTEN KONYOL, demi meraup suara muslim, JELAS AHOK INI RASIS, PKI TULEN"
0,miris ya pak ahok...sukses slalu buat my idola pak ahok
0,"RT @grcllafrn: Pak Anies, inget, apa yg kau tabur itu yang akan kau tuai nanti... jadi takut sendiri :"") #MataNajwaDebatJakarta"
0,1 atau 2 perempuan berbeda dengan kaum perempuan #DebatFinalPilkadaJK
0,"Menurut Anda, apakah #SidangAhok Dugaan Penistaan Agama dgn Terdakwa @basuki_btp murni isyu Pilkada DKI Jakarta atau murni demi Islam???"
0,RT @TirtoID: Soal gerakan-gerakan ala @aniesbaswedan #PeriksaData #DebatFinalPilkadaJKT
0,Genderang perang makin kencang #DebatFinalPilkadaJKT
1,"RT @TerorisSocmed: Sadarlah wahai anak Bangsa, Ibu Pertiwi Sedang Diporakporandakan Oleh Manusia BIADAB @basuki_btp Sebagai Aktor Utama"
1,@bayprio : Si AHOAK @basuki_btp CINA ANJING KAFIR PENISTA AGAMA ISLAM....!!!
0,Sesuai namanya: RONDE FINAL\n\n#DebatFinalPilkadaJKT
0,"Membangun bangsa dan negara ini engga cukup dengan metoda pencitraan saja ,tanpa teruji lewat rekam jejak dan integritas tokohnya"
0,"Alhamdulillah ya Allah SWT Semoga jakarta punya gubernur baru yg lebih bersahaja, bersahabat utk semuanya #AniesSandi"
1,Bu silvi anti pns level rendah katanya #DebatFinalPilkadaJKT
0,Boleh tinggal di pinggir kali meski bukan tanahnya boleh jualan di pinggir jalan
1,CINA ASU https:\/\/t.co\/zM1BsjAIHA
0,Melibatkan yang paham pada bidangnya untuk duduk bersama memecahkan solusi. Cara kepemimpinan yg cerdas ! #DebatFinalPilkadaJKT
1,RT @mosangada72: Masih mau memilih Agus-Sylvi???\nAnaknya SBY dan Keluarga Koruptor\n#BlusukanAhok\n#BerjamaahCoblosPecinya\u2026
0,"RT @BelaQuran: Kami tdk akan terprovokasi dgn sentimen dan jualan SARA mu itu, karena kami cinta Indonesia #IklanAhokJahat"
0,Kau lah yang terhebat.. Karna kau lah kami mendapat inspirasi dan pengalaman yang sangat berharga.
0,Ke Bidara beli mangga. Pulang nye liwat Slipi. Jangan lupa ingetin tetangga. Untuk milih Agus sylvi. #7HariLagiMilihAHY #AgusBersamaUlama
0,Jelang larut semalam. Diskusi dengan aktifis Golkar tingkat kelurahan. Siap bergabung dalam pemenangan #AniesSandi
0,Mantap pak AHOK #DebatFinalPilkadaJKT
0,#MataNajwaDebatJakarta kerendahan hati dan lawan kerendahan hati kelihatan banget..
0,Mpok @sylviana_murni-nya tolong Mas @AgusYudhoyono
0,Jangan berpihak...melayani rakyat dengan sepenuh hati..Tuhan yang memberi kekuasaan.. Tuhan yang mengambil..-ahok#MataNajwaDebatJakarta
1,@AHMADDHANIPRAST LO TUH BABI ANJING. Mampus kalah jatuh miskin deh #bekasisah
0,Justru laki-laki lah yang sering mengalami kekerasan verbal. Berapa kali dirimu dimarahi istrimu..? Ayo ngaku.
0,"#MataNajwaDebatJakarta Paslon 3 serang terus dengan membawa2 hal2 yg biasa menyerang, tp Paslon 2 tenang menjawabnya"
0,RT @republikaonline: Ahok Janji Berani Tutup Tempat Hiburan Malam yang Jual Narkoba
0,"Negara kita negara BHINEKA TUNGGAL IKA. jadi ga liat pemimpin dengan agama ,ras ,budaya"
0,Nih fakta buat yg asbun. #BadjaPastimenang #DebatFinalPilkadaJKT
0,"Ahmad Dhani Bangkrut Ditagih Utang Melalui Video, Mantan Istrinya Jadi Janda Kaya Raya: Hampir setahun berlalu, https://t.co/22InRwRR26"
0,#SidangAhok dilanjutkan dengan rekaman yang memuat kampanye Ahok di DPP Nasdem dan juga Pulau Seribu. | @adrieedu https://t.co/8P5P4DUcFG
0,#MataNajwaDebatJakarta.kesimpulan: Saya tdk rela punya Gub seorg Anies dan sy percaya Ahok akan menang. Salam 2 jari.
0,"Maaf pak saya tidak bisa ikutan nyoblos, KTP saya jakarta, tapi saya skrg tinggal bandung, saya hanya bisa berdoa"
0,"Sebut Ahok Bukan Akademisi, Ahmad Dhani: Secara Intelektual, Lebih Intelek Bang Anies https://t.co/YrzfmMV1LG"
0,"Cuman mau bilang sama yang serius banget ngetweet pakai hastag #IklanAhokJahat ""Gitu aja baper""."
1,umat agama islam dijakarta sangat haram dan sangat najis sekali dengan ahok kafir kristen...
0,"RT @prastow: Apapun itu, keberanian Ahok membongkar mafia anggaran menjadi tonggak penting menuju APBD yg kredibel dan akuntabel."
0,Masihkah Ahoker debat soal program? Jlebb.. KO kena uppercut Anies soal KJP. Pergubnya blm di rubah.. @roemahdjoeang @NetizenTofa @cepot234
0,"yg jelas, kerja keras, pasti, dan jujur tetap pak ahok."
0,"RT @TeddyGusnaidi: Bro.. Kalau yg dimaksud Fatwa Penista agama, MUI gak pernah mengeluarkan Fatwa. https://t.co/x9uXhqJKCa"
1,"Gw juga ngimpi SENTILIN BIJI BABI AHOK, pcetar Pcetar, langsung kejang2 die, ngadu ke Jkw, Jkw: makanye sunat dulu, bru NGOMONG Almaidah."
0,RT @anjisudirman: @fahiraidris Yg iklankan kampanye ahox adalah yg sama sebarin spanduk syariah dan brosur black campaign. #IklanAhokJahat
0,Mari berjuang bersama SBYudhoyono utk memenangkan #SaduddinDhani di #PilkadaKabBekasi2017 #BekasiSAH #BekasiBerjaya
